"filename", "language", "JavaScript", "Markdown", "PHP", "PostCSS", "Vue", "YAML", "JSON", "XML", "JSON with Comments", "comment", "blank", "total"
"c:\xampp\htdocs\laravel\EMS\.github\workflows\issues.yml", "YAML", 0, 0, 0, 0, 0, 9, 0, 0, 0, 0, 4, 13
"c:\xampp\htdocs\laravel\EMS\.github\workflows\pull-requests.yml", "YAML", 0, 0, 0, 0, 0, 9, 0, 0, 0, 0, 4, 13
"c:\xampp\htdocs\laravel\EMS\.github\workflows\tests.yml", "YAML", 0, 0, 0, 0, 0, 36, 0, 0, 0, 0, 12, 48
"c:\xampp\htdocs\laravel\EMS\.github\workflows\update-changelog.yml", "YAML", 0, 0, 0, 0, 0, 10, 0, 0, 0, 0, 4, 14
"c:\xampp\htdocs\laravel\EMS\.styleci.yml", "YAML", 0, 0, 0, 0, 0, 9, 0, 0, 0, 0, 1, 10
"c:\xampp\htdocs\laravel\EMS\CHANGELOG.md", "Markdown", 0, 4, 0, 0, 0, 0, 0, 0, 0, 0, 4, 8
"c:\xampp\htdocs\laravel\EMS\README.md", "Markdown", 0, 5, 0, 0, 0, 0, 0, 0, 0, 0, 5, 10
"c:\xampp\htdocs\laravel\EMS\app\Console\Kernel.php", "PHP", 0, 0, 15, 0, 0, 0, 0, 0, 0, 7, 6, 28
"c:\xampp\htdocs\laravel\EMS\app\Events\LowStockDetectEvent.php", "PHP", 0, 0, 24, 0, 0, 0, 0, 0, 0, 8, 6, 38
"c:\xampp\htdocs\laravel\EMS\app\Exceptions\Handler.php", "PHP", 0, 0, 21, 0, 0, 0, 0, 0, 0, 21, 7, 49
"c:\xampp\htdocs\laravel\EMS\app\Http\Controllers\AnalysisController.php", "PHP", 0, 0, 26, 0, 0, 0, 0, 0, 0, 22, 15, 63
"c:\xampp\htdocs\laravel\EMS\app\Http\Controllers\Api\AnalysisController.php", "PHP", 0, 0, 35, 0, 0, 0, 0, 0, 0, 7, 11, 53
"c:\xampp\htdocs\laravel\EMS\app\Http\Controllers\Api\ConsumableItemsController.php", "PHP", 0, 0, 46, 0, 0, 0, 0, 0, 0, 8, 11, 65
"c:\xampp\htdocs\laravel\EMS\app\Http\Controllers\Auth\AuthenticatedSessionController.php", "PHP", 0, 0, 34, 0, 0, 0, 0, 0, 0, 9, 11, 54
"c:\xampp\htdocs\laravel\EMS\app\Http\Controllers\Auth\ConfirmablePasswordController.php", "PHP", 0, 0, 30, 0, 0, 0, 0, 0, 0, 6, 7, 43
"c:\xampp\htdocs\laravel\EMS\app\Http\Controllers\Auth\EmailVerificationNotificationController.php", "PHP", 0, 0, 17, 0, 0, 0, 0, 0, 0, 3, 6, 26
"c:\xampp\htdocs\laravel\EMS\app\Http\Controllers\Auth\EmailVerificationPromptController.php", "PHP", 0, 0, 17, 0, 0, 0, 0, 0, 0, 3, 4, 24
"c:\xampp\htdocs\laravel\EMS\app\Http\Controllers\Auth\NewPasswordController.php", "PHP", 0, 0, 47, 0, 0, 0, 0, 0, 0, 14, 9, 70
"c:\xampp\htdocs\laravel\EMS\app\Http\Controllers\Auth\PasswordController.php", "PHP", 0, 0, 21, 0, 0, 0, 0, 0, 0, 3, 6, 30
"c:\xampp\htdocs\laravel\EMS\app\Http\Controllers\Auth\PasswordResetLinkController.php", "PHP", 0, 0, 33, 0, 0, 0, 0, 0, 0, 11, 8, 52
"c:\xampp\htdocs\laravel\EMS\app\Http\Controllers\Auth\RegisteredUserController.php", "PHP", 0, 0, 36, 0, 0, 0, 0, 0, 0, 8, 9, 53
"c:\xampp\htdocs\laravel\EMS\app\Http\Controllers\Auth\VerifyEmailController.php", "PHP", 0, 0, 20, 0, 0, 0, 0, 0, 0, 3, 6, 29
"c:\xampp\htdocs\laravel\EMS\app\Http\Controllers\ConsumableItemsController.php", "PHP", 0, 0, 83, 0, 0, 0, 0, 0, 0, 11, 17, 111
"c:\xampp\htdocs\laravel\EMS\app\Http\Controllers\Controller.php", "PHP", 0, 0, 9, 0, 0, 0, 0, 0, 0, 0, 4, 13
"c:\xampp\htdocs\laravel\EMS\app\Http\Controllers\ImageTestController.php", "PHP", 0, 0, 83, 0, 0, 0, 0, 0, 0, 20, 28, 131
"c:\xampp\htdocs\laravel\EMS\app\Http\Controllers\InventoryPlanController.php", "PHP", 0, 0, 35, 0, 0, 0, 0, 0, 0, 28, 12, 75
"c:\xampp\htdocs\laravel\EMS\app\Http\Controllers\ItemController.php", "PHP", 0, 0, 205, 0, 0, 0, 0, 0, 0, 89, 58, 352
"c:\xampp\htdocs\laravel\EMS\app\Http\Controllers\ProfileController.php", "PHP", 0, 0, 41, 0, 0, 0, 0, 0, 0, 9, 14, 64
"c:\xampp\htdocs\laravel\EMS\app\Http\Controllers\UpdateStockController.php", "PHP", 0, 0, 41, 0, 0, 0, 0, 0, 0, 14, 16, 71
"c:\xampp\htdocs\laravel\EMS\app\Http\Controllers\WishController.php", "PHP", 0, 0, 48, 0, 0, 0, 0, 0, 0, 27, 13, 88
"c:\xampp\htdocs\laravel\EMS\app\Http\Kernel.php", "PHP", 0, 0, 43, 0, 0, 0, 0, 0, 0, 20, 7, 70
"c:\xampp\htdocs\laravel\EMS\app\Http\Middleware\Authenticate.php", "PHP", 0, 0, 11, 0, 0, 0, 0, 0, 0, 3, 4, 18
"c:\xampp\htdocs\laravel\EMS\app\Http\Middleware\EncryptCookies.php", "PHP", 0, 0, 8, 0, 0, 0, 0, 0, 0, 6, 4, 18
"c:\xampp\htdocs\laravel\EMS\app\Http\Middleware\HandleInertiaRequests.php", "PHP", 0, 0, 27, 0, 0, 0, 0, 0, 0, 13, 6, 46
"c:\xampp\htdocs\laravel\EMS\app\Http\Middleware\PreventRequestsDuringMaintenance.php", "PHP", 0, 0, 8, 0, 0, 0, 0, 0, 0, 6, 4, 18
"c:\xampp\htdocs\laravel\EMS\app\Http\Middleware\RedirectIfAuthenticated.php", "PHP", 0, 0, 20, 0, 0, 0, 0, 0, 0, 5, 6, 31
"c:\xampp\htdocs\laravel\EMS\app\Http\Middleware\TrimStrings.php", "PHP", 0, 0, 11, 0, 0, 0, 0, 0, 0, 5, 4, 20
"c:\xampp\htdocs\laravel\EMS\app\Http\Middleware\TrustHosts.php", "PHP", 0, 0, 12, 0, 0, 0, 0, 0, 0, 5, 4, 21
"c:\xampp\htdocs\laravel\EMS\app\Http\Middleware\TrustProxies.php", "PHP", 0, 0, 14, 0, 0, 0, 0, 0, 0, 10, 5, 29
"c:\xampp\htdocs\laravel\EMS\app\Http\Middleware\ValidateSignature.php", "PHP", 0, 0, 8, 0, 0, 0, 0, 0, 0, 11, 4, 23
"c:\xampp\htdocs\laravel\EMS\app\Http\Middleware\VerifyCsrfToken.php", "PHP", 0, 0, 8, 0, 0, 0, 0, 0, 0, 6, 4, 18
"c:\xampp\htdocs\laravel\EMS\app\Http\Requests\Auth\LoginRequest.php", "PHP", 0, 0, 51, 0, 0, 0, 0, 0, 0, 21, 14, 86
"c:\xampp\htdocs\laravel\EMS\app\Http\Requests\ProfileUpdateRequest.php", "PHP", 0, 0, 15, 0, 0, 0, 0, 0, 0, 5, 4, 24
"c:\xampp\htdocs\laravel\EMS\app\Http\Requests\StoreInventoryPlanRequest.php", "PHP", 0, 0, 15, 0, 0, 0, 0, 0, 0, 9, 5, 29
"c:\xampp\htdocs\laravel\EMS\app\Http\Requests\StoreItemRequest.php", "PHP", 0, 0, 23, 0, 0, 0, 0, 0, 0, 22, 5, 50
"c:\xampp\htdocs\laravel\EMS\app\Http\Requests\StoreWishRequest.php", "PHP", 0, 0, 15, 0, 0, 0, 0, 0, 0, 9, 5, 29
"c:\xampp\htdocs\laravel\EMS\app\Http\Requests\UpdateInventoryPlanRequest.php", "PHP", 0, 0, 15, 0, 0, 0, 0, 0, 0, 9, 5, 29
"c:\xampp\htdocs\laravel\EMS\app\Http\Requests\UpdateItemRequest.php", "PHP", 0, 0, 23, 0, 0, 0, 0, 0, 0, 22, 5, 50
"c:\xampp\htdocs\laravel\EMS\app\Http\Requests\UpdateWishRequest.php", "PHP", 0, 0, 15, 0, 0, 0, 0, 0, 0, 9, 5, 29
"c:\xampp\htdocs\laravel\EMS\app\Http\Requests\UploadImageRequest.php", "PHP", 0, 0, 24, 0, 0, 0, 0, 0, 0, 10, 6, 40
"c:\xampp\htdocs\laravel\EMS\app\Listeners\LowStockDetectListener.php", "PHP", 0, 0, 22, 0, 0, 0, 0, 0, 0, 16, 9, 47
"c:\xampp\htdocs\laravel\EMS\app\Models\Category.php", "PHP", 0, 0, 16, 0, 0, 0, 0, 0, 0, 0, 6, 22
"c:\xampp\htdocs\laravel\EMS\app\Models\Edithistory.php", "PHP", 0, 0, 38, 0, 0, 0, 0, 0, 0, 0, 9, 47
"c:\xampp\htdocs\laravel\EMS\app\Models\ImageTest.php", "PHP", 0, 0, 12, 0, 0, 0, 0, 0, 0, 0, 5, 17
"c:\xampp\htdocs\laravel\EMS\app\Models\Inspection.php", "PHP", 0, 0, 20, 0, 0, 0, 0, 0, 0, 0, 6, 26
"c:\xampp\htdocs\laravel\EMS\app\Models\InventoryPlan.php", "PHP", 0, 0, 20, 0, 0, 0, 0, 0, 0, 0, 6, 26
"c:\xampp\htdocs\laravel\EMS\app\Models\Item.php", "PHP", 0, 0, 68, 0, 0, 0, 0, 0, 0, 5, 17, 90
"c:\xampp\htdocs\laravel\EMS\app\Models\Location.php", "PHP", 0, 0, 16, 0, 0, 0, 0, 0, 0, 0, 6, 22
"c:\xampp\htdocs\laravel\EMS\app\Models\User.php", "PHP", 0, 0, 23, 0, 0, 0, 0, 0, 0, 16, 7, 46
"c:\xampp\htdocs\laravel\EMS\app\Models\Wish.php", "PHP", 0, 0, 16, 0, 0, 0, 0, 0, 0, 0, 6, 22
"c:\xampp\htdocs\laravel\EMS\app\Notifications\LowStockNotification.php", "PHP", 0, 0, 30, 0, 0, 0, 0, 0, 0, 17, 9, 56
"c:\xampp\htdocs\laravel\EMS\app\Observers\ItemObserver.php", "PHP", 0, 0, 51, 0, 0, 0, 0, 0, 0, 30, 16, 97
"c:\xampp\htdocs\laravel\EMS\app\Policies\InventoryPlanPolicy.php", "PHP", 0, 0, 29, 0, 0, 0, 0, 0, 0, 28, 10, 67
"c:\xampp\htdocs\laravel\EMS\app\Policies\ItemPolicy.php", "PHP", 0, 0, 29, 0, 0, 0, 0, 0, 0, 28, 10, 67
"c:\xampp\htdocs\laravel\EMS\app\Policies\WishPolicy.php", "PHP", 0, 0, 29, 0, 0, 0, 0, 0, 0, 28, 10, 67
"c:\xampp\htdocs\laravel\EMS\app\Providers\AppServiceProvider.php", "PHP", 0, 0, 15, 0, 0, 0, 0, 0, 0, 7, 6, 28
"c:\xampp\htdocs\laravel\EMS\app\Providers\AuthServiceProvider.php", "PHP", 0, 0, 22, 0, 0, 0, 0, 0, 0, 9, 8, 39
"c:\xampp\htdocs\laravel\EMS\app\Providers\BroadcastServiceProvider.php", "PHP", 0, 0, 12, 0, 0, 0, 0, 0, 0, 3, 5, 20
"c:\xampp\htdocs\laravel\EMS\app\Providers\EventServiceProvider.php", "PHP", 0, 0, 24, 0, 0, 0, 0, 0, 0, 15, 6, 45
"c:\xampp\htdocs\laravel\EMS\app\Providers\RouteServiceProvider.php", "PHP", 0, 0, 28, 0, 0, 0, 0, 0, 0, 13, 8, 49
"c:\xampp\htdocs\laravel\EMS\app\Services\AnalysisService.php", "PHP", 0, 0, 5, 0, 0, 0, 0, 0, 0, 1, 5, 11
"c:\xampp\htdocs\laravel\EMS\app\Services\ImageService.php", "PHP", 0, 0, 24, 0, 0, 0, 0, 0, 0, 15, 11, 50
"c:\xampp\htdocs\laravel\EMS\bootstrap\app.php", "PHP", 0, 0, 17, 0, 0, 0, 0, 0, 0, 30, 9, 56
"c:\xampp\htdocs\laravel\EMS\composer.json", "JSON", 0, 0, 0, 0, 0, 0, 79, 0, 0, 0, 1, 80
"c:\xampp\htdocs\laravel\EMS\composer.lock", "JSON", 0, 0, 0, 0, 0, 0, 9677, 0, 0, 0, 1, 9678
"c:\xampp\htdocs\laravel\EMS\config\app.php", "PHP", 0, 0, 52, 0, 0, 0, 0, 0, 0, 136, 33, 221
"c:\xampp\htdocs\laravel\EMS\config\auth.php", "PHP", 0, 0, 28, 0, 0, 0, 0, 0, 0, 74, 14, 116
"c:\xampp\htdocs\laravel\EMS\config\broadcasting.php", "PHP", 0, 0, 35, 0, 0, 0, 0, 0, 0, 23, 13, 71
"c:\xampp\htdocs\laravel\EMS\config\cache.php", "PHP", 0, 0, 58, 0, 0, 0, 0, 0, 0, 34, 19, 111
"c:\xampp\htdocs\laravel\EMS\config\cors.php", "PHP", 0, 0, 11, 0, 0, 0, 0, 0, 0, 12, 12, 35
"c:\xampp\htdocs\laravel\EMS\config\database.php", "PHP", 0, 0, 83, 0, 0, 0, 0, 0, 0, 47, 22, 152
"c:\xampp\htdocs\laravel\EMS\config\filesystems.php", "PHP", 0, 0, 32, 0, 0, 0, 0, 0, 0, 32, 13, 77
"c:\xampp\htdocs\laravel\EMS\config\hashing.php", "PHP", 0, 0, 12, 0, 0, 0, 0, 0, 0, 32, 9, 53
"c:\xampp\htdocs\laravel\EMS\config\logging.php", "PHP", 0, 0, 70, 0, 0, 0, 0, 0, 0, 34, 19, 123
"c:\xampp\htdocs\laravel\EMS\config\mail.php", "PHP", 0, 0, 53, 0, 0, 0, 0, 0, 0, 53, 19, 125
"c:\xampp\htdocs\laravel\EMS\config\queue.php", "PHP", 0, 0, 47, 0, 0, 0, 0, 0, 0, 32, 15, 94
"c:\xampp\htdocs\laravel\EMS\config\sanctum.php", "PHP", 0, 0, 15, 0, 0, 0, 0, 0, 0, 41, 12, 68
"c:\xampp\htdocs\laravel\EMS\config\services.php", "PHP", 0, 0, 17, 0, 0, 0, 0, 0, 0, 11, 7, 35
"c:\xampp\htdocs\laravel\EMS\config\session.php", "PHP", 0, 0, 22, 0, 0, 0, 0, 0, 0, 147, 33, 202
"c:\xampp\htdocs\laravel\EMS\config\view.php", "PHP", 0, 0, 10, 0, 0, 0, 0, 0, 0, 20, 7, 37
"c:\xampp\htdocs\laravel\EMS\database\factories\EdithistoryFactory.php", "PHP", 0, 0, 77, 0, 0, 0, 0, 0, 0, 10, 12, 99
"c:\xampp\htdocs\laravel\EMS\database\factories\InventoryPlanFactory.php", "PHP", 0, 0, 16, 0, 0, 0, 0, 0, 0, 8, 4, 28
"c:\xampp\htdocs\laravel\EMS\database\factories\ItemFactory.php", "PHP", 0, 0, 37, 0, 0, 0, 0, 0, 0, 8, 5, 50
"c:\xampp\htdocs\laravel\EMS\database\factories\UserFactory.php", "PHP", 0, 0, 23, 0, 0, 0, 0, 0, 0, 13, 5, 41
"c:\xampp\htdocs\laravel\EMS\database\factories\WishFactory.php", "PHP", 0, 0, 24, 0, 0, 0, 0, 0, 0, 8, 5, 37
"c:\xampp\htdocs\laravel\EMS\database\migrations\2014_10_12_000000_create_users_table.php", "PHP", 0, 0, 24, 0, 0, 0, 0, 0, 0, 6, 4, 34
"c:\xampp\htdocs\laravel\EMS\database\migrations\2014_10_12_100000_create_password_reset_tokens_table.php", "PHP", 0, 0, 19, 0, 0, 0, 0, 0, 0, 6, 4, 29
"c:\xampp\htdocs\laravel\EMS\database\migrations\2019_08_19_000000_create_failed_jobs_table.php", "PHP", 0, 0, 23, 0, 0, 0, 0, 0, 0, 6, 4, 33
"c:\xampp\htdocs\laravel\EMS\database\migrations\2019_12_14_000001_create_personal_access_tokens_table.php", "PHP", 0, 0, 24, 0, 0, 0, 0, 0, 0, 6, 4, 34
"c:\xampp\htdocs\laravel\EMS\database\migrations\2024_05_02_173655_create_categories_table.php", "PHP", 0, 0, 19, 0, 0, 0, 0, 0, 0, 6, 4, 29
"c:\xampp\htdocs\laravel\EMS\database\migrations\2024_05_03_194006_create_items_table.php", "PHP", 0, 0, 39, 0, 0, 0, 0, 0, 0, 11, 4, 54
"c:\xampp\htdocs\laravel\EMS\database\migrations\2024_05_04_212311_create_wishes_table.php", "PHP", 0, 0, 29, 0, 0, 0, 0, 0, 0, 7, 4, 40
"c:\xampp\htdocs\laravel\EMS\database\migrations\2024_05_06_191610_create_edithistories_table.php", "PHP", 0, 0, 24, 0, 0, 0, 0, 0, 0, 6, 4, 34
"c:\xampp\htdocs\laravel\EMS\database\migrations\2024_05_07_194550_create_image_test_table.php", "PHP", 0, 0, 20, 0, 0, 0, 0, 0, 0, 6, 4, 30
"c:\xampp\htdocs\laravel\EMS\database\migrations\2024_05_11_150221_add_category_id_to_edithistories_table.php", "PHP", 0, 0, 19, 0, 0, 0, 0, 0, 0, 6, 4, 29
"c:\xampp\htdocs\laravel\EMS\database\migrations\2024_05_11_170451_remove_edited_at_from_edithistories_table.php", "PHP", 0, 0, 19, 0, 0, 0, 0, 0, 0, 6, 4, 29
"c:\xampp\htdocs\laravel\EMS\database\migrations\2024_05_11_170609_add_edited_at_to_edithistories_table.php", "PHP", 0, 0, 19, 0, 0, 0, 0, 0, 0, 6, 4, 29
"c:\xampp\htdocs\laravel\EMS\database\migrations\2024_05_11_183935_add_edit_type_to_edithistories_table.php", "PHP", 0, 0, 19, 0, 0, 0, 0, 0, 0, 6, 4, 29
"c:\xampp\htdocs\laravel\EMS\database\migrations\2024_05_11_190022_add_operation_type_to_edithistories_table.php", "PHP", 0, 0, 19, 0, 0, 0, 0, 0, 0, 6, 4, 29
"c:\xampp\htdocs\laravel\EMS\database\migrations\2024_05_13_140219_add_action_type_to_edithistories_table.php", "PHP", 0, 0, 19, 0, 0, 0, 0, 0, 0, 6, 4, 29
"c:\xampp\htdocs\laravel\EMS\database\migrations\2024_05_19_183512_create_notifications_table.php", "PHP", 0, 0, 22, 0, 0, 0, 0, 0, 0, 6, 4, 32
"c:\xampp\htdocs\laravel\EMS\database\migrations\2024_05_25_233056_create_inventory_plans_table.php", "PHP", 0, 0, 22, 0, 0, 0, 0, 0, 0, 6, 4, 32
"c:\xampp\htdocs\laravel\EMS\database\migrations\2024_05_25_235007_create_inventory_plan_item_table.php", "PHP", 0, 0, 27, 0, 0, 0, 0, 0, 0, 7, 4, 38
"c:\xampp\htdocs\laravel\EMS\database\migrations\2024_05_26_155356_remove_item_id_from_inventory_plans_table.php", "PHP", 0, 0, 21, 0, 0, 0, 0, 0, 0, 11, 5, 37
"c:\xampp\htdocs\laravel\EMS\database\migrations\2024_05_26_163436_add_status_to_inventory_plans_table.php", "PHP", 0, 0, 19, 0, 0, 0, 0, 0, 0, 6, 4, 29
"c:\xampp\htdocs\laravel\EMS\database\migrations\2024_05_26_173634_remove_vendor_website_url_from_items_table.php", "PHP", 0, 0, 19, 0, 0, 0, 0, 0, 0, 6, 4, 29
"c:\xampp\htdocs\laravel\EMS\database\migrations\2024_05_26_174342_remove_vendor_from_items_table.php", "PHP", 0, 0, 19, 0, 0, 0, 0, 0, 0, 6, 4, 29
"c:\xampp\htdocs\laravel\EMS\database\migrations\2024_05_26_174502_add_where_to_buy_to_items_table.php", "PHP", 0, 0, 19, 0, 0, 0, 0, 0, 0, 6, 4, 29
"c:\xampp\htdocs\laravel\EMS\database\migrations\2024_05_27_175748_create_locations_table.php", "PHP", 0, 0, 19, 0, 0, 0, 0, 0, 0, 6, 4, 29
"c:\xampp\htdocs\laravel\EMS\database\migrations\2024_05_27_182206_update_items_table.php", "PHP", 0, 0, 25, 0, 0, 0, 0, 0, 0, 6, 4, 35
"c:\xampp\htdocs\laravel\EMS\database\migrations\2024_05_27_183035_add_foreign_keys_to_items_table.php", "PHP", 0, 0, 21, 0, 0, 0, 0, 0, 0, 6, 4, 31
"c:\xampp\htdocs\laravel\EMS\database\migrations\2024_05_27_191238_set_default_value_for_location_of_use_id_in_items_table.php", "PHP", 0, 0, 19, 0, 0, 0, 0, 0, 0, 6, 4, 29
"c:\xampp\htdocs\laravel\EMS\database\migrations\2024_05_27_192051_set_default_value_for_storage_location_id_in_items_table.php", "PHP", 0, 0, 19, 0, 0, 0, 0, 0, 0, 6, 4, 29
"c:\xampp\htdocs\laravel\EMS\database\migrations\2024_05_28_092000_remove_product_number_from_items_table.php", "PHP", 0, 0, 19, 0, 0, 0, 0, 0, 0, 6, 4, 29
"c:\xampp\htdocs\laravel\EMS\database\migrations\2024_05_28_092801_add_product_number_to_items_table.php", "PHP", 0, 0, 19, 0, 0, 0, 0, 0, 0, 6, 4, 29
"c:\xampp\htdocs\laravel\EMS\database\migrations\2024_05_28_093153_remove_manufacturer_from_items_table.php", "PHP", 0, 0, 19, 0, 0, 0, 0, 0, 0, 6, 4, 29
"c:\xampp\htdocs\laravel\EMS\database\migrations\2024_05_28_093307_add_manufacturer_to_items_table.php", "PHP", 0, 0, 19, 0, 0, 0, 0, 0, 0, 6, 4, 29
"c:\xampp\htdocs\laravel\EMS\database\migrations\2024_05_28_103226_change_where_to_buy_column_on_items_table.php", "PHP", 0, 0, 19, 0, 0, 0, 0, 0, 0, 7, 4, 30
"c:\xampp\htdocs\laravel\EMS\database\migrations\2024_05_28_110804_add_minimum_stock_to_items_table.php", "PHP", 0, 0, 19, 0, 0, 0, 0, 0, 0, 6, 4, 29
"c:\xampp\htdocs\laravel\EMS\database\migrations\2024_05_28_133401_remove_price_from_items_table.php", "PHP", 0, 0, 19, 0, 0, 0, 0, 0, 0, 6, 4, 29
"c:\xampp\htdocs\laravel\EMS\database\migrations\2024_05_28_133542_add_price_to_items_table.php", "PHP", 0, 0, 19, 0, 0, 0, 0, 0, 0, 6, 4, 29
"c:\xampp\htdocs\laravel\EMS\database\migrations\2024_05_28_140525_create_inspections_table.php", "PHP", 0, 0, 25, 0, 0, 0, 0, 0, 0, 6, 4, 35
"c:\xampp\htdocs\laravel\EMS\database\seeders\CategorySeeder.php", "PHP", 0, 0, 40, 0, 0, 0, 0, 0, 0, 3, 4, 47
"c:\xampp\htdocs\laravel\EMS\database\seeders\DatabaseSeeder.php", "PHP", 0, 0, 53, 0, 0, 0, 0, 0, 0, 28, 18, 99
"c:\xampp\htdocs\laravel\EMS\database\seeders\EdithistorySeeder.php", "PHP", 0, 0, 38, 0, 0, 0, 0, 0, 0, 30, 9, 77
"c:\xampp\htdocs\laravel\EMS\database\seeders\ImageTestSeeder.php", "PHP", 0, 0, 17, 0, 0, 0, 0, 0, 0, 3, 4, 24
"c:\xampp\htdocs\laravel\EMS\database\seeders\InventoryPlanSeeder.php", "PHP", 0, 0, 10, 0, 0, 0, 0, 0, 0, 4, 4, 18
"c:\xampp\htdocs\laravel\EMS\database\seeders\ItemSeeder.php", "PHP", 0, 0, 83, 0, 0, 0, 0, 0, 0, 4, 4, 91
"c:\xampp\htdocs\laravel\EMS\database\seeders\LocationSeeder.php", "PHP", 0, 0, 49, 0, 0, 0, 0, 0, 0, 3, 4, 56
"c:\xampp\htdocs\laravel\EMS\database\seeders\UserSeeder.php", "PHP", 0, 0, 32, 0, 0, 0, 0, 0, 0, 3, 4, 39
"c:\xampp\htdocs\laravel\EMS\database\seeders\WishSeeder.php", "PHP", 0, 0, 10, 0, 0, 0, 0, 0, 0, 4, 4, 18
"c:\xampp\htdocs\laravel\EMS\jsconfig.json", "JSON with Comments", 0, 0, 0, 0, 0, 0, 0, 0, 11, 0, 1, 12
"c:\xampp\htdocs\laravel\EMS\lang\ja.json", "JSON", 0, 0, 0, 0, 0, 0, 141, 0, 0, 0, 1, 142
"c:\xampp\htdocs\laravel\EMS\lang\ja\auth.php", "PHP", 0, 0, 5, 0, 0, 0, 0, 0, 0, 1, 5, 11
"c:\xampp\htdocs\laravel\EMS\lang\ja\pagination.php", "PHP", 0, 0, 5, 0, 0, 0, 0, 0, 0, 1, 5, 11
"c:\xampp\htdocs\laravel\EMS\lang\ja\passwords.php", "PHP", 0, 0, 8, 0, 0, 0, 0, 0, 0, 1, 5, 14
"c:\xampp\htdocs\laravel\EMS\lang\ja\validation.php", "PHP", 0, 0, 246, 0, 0, 0, 0, 0, 0, 21, 9, 276
"c:\xampp\htdocs\laravel\EMS\package-lock.json", "JSON", 0, 0, 0, 0, 0, 0, 6229, 0, 0, 0, 1, 6230
"c:\xampp\htdocs\laravel\EMS\package.json", "JSON", 0, 0, 0, 0, 0, 0, 26, 0, 0, 0, 1, 27
"c:\xampp\htdocs\laravel\EMS\phpunit.xml", "XML", 0, 0, 0, 0, 0, 0, 0, 29, 0, 2, 1, 32
"c:\xampp\htdocs\laravel\EMS\postcss.config.js", "JavaScript", 6, 0, 0, 0, 0, 0, 0, 0, 0, 0, 1, 7
"c:\xampp\htdocs\laravel\EMS\public\index.php", "PHP", 0, 0, 14, 0, 0, 0, 0, 0, 0, 30, 12, 56
"c:\xampp\htdocs\laravel\EMS\resources\css\app.css", "PostCSS", 0, 0, 0, 3, 0, 0, 0, 0, 0, 0, 1, 4
"c:\xampp\htdocs\laravel\EMS\resources\js\Components\ApplicationLogo.vue", "Vue", 0, 0, 0, 0, 5, 0, 0, 0, 0, 0, 1, 6
"c:\xampp\htdocs\laravel\EMS\resources\js\Components\BellNotification.vue", "Vue", 0, 0, 0, 0, 34, 0, 0, 0, 0, 3, 6, 43
"c:\xampp\htdocs\laravel\EMS\resources\js\Components\Chart.vue", "Vue", 0, 0, 0, 0, 36, 0, 0, 0, 0, 0, 5, 41
"c:\xampp\htdocs\laravel\EMS\resources\js\Components\Checkbox.vue", "Vue", 0, 0, 0, 0, 29, 0, 0, 0, 0, 0, 6, 35
"c:\xampp\htdocs\laravel\EMS\resources\js\Components\DangerButton.vue", "Vue", 0, 0, 0, 0, 7, 0, 0, 0, 0, 0, 1, 8
"c:\xampp\htdocs\laravel\EMS\resources\js\Components\Dropdown.vue", "Vue", 0, 0, 0, 0, 67, 0, 0, 0, 0, 1, 10, 78
"c:\xampp\htdocs\laravel\EMS\resources\js\Components\DropdownLink.vue", "Vue", 0, 0, 0, 0, 17, 0, 0, 0, 0, 0, 3, 20
"c:\xampp\htdocs\laravel\EMS\resources\js\Components\FlashMessage.vue", "Vue", 0, 0, 0, 0, 12, 0, 0, 0, 0, 0, 1, 13
"c:\xampp\htdocs\laravel\EMS\resources\js\Components\InputError.vue", "Vue", 0, 0, 0, 0, 14, 0, 0, 0, 0, 0, 2, 16
"c:\xampp\htdocs\laravel\EMS\resources\js\Components\InputLabel.vue", "Vue", 0, 0, 0, 0, 13, 0, 0, 0, 0, 0, 2, 15
"c:\xampp\htdocs\laravel\EMS\resources\js\Components\Modal.vue", "Vue", 0, 0, 0, 0, 88, 0, 0, 0, 0, 0, 11, 99
"c:\xampp\htdocs\laravel\EMS\resources\js\Components\NavLink.vue", "Vue", 0, 0, 0, 0, 23, 0, 0, 0, 0, 0, 4, 27
"c:\xampp\htdocs\laravel\EMS\resources\js\Components\Pagination copy.vue", "Vue", 0, 0, 0, 0, 19, 0, 0, 0, 0, 0, 3, 22
"c:\xampp\htdocs\laravel\EMS\resources\js\Components\Pagination.vue", "Vue", 0, 0, 0, 0, 18, 0, 0, 0, 0, 0, 3, 21
"c:\xampp\htdocs\laravel\EMS\resources\js\Components\PrimaryButton.vue", "Vue", 0, 0, 0, 0, 7, 0, 0, 0, 0, 0, 1, 8
"c:\xampp\htdocs\laravel\EMS\resources\js\Components\ResponsiveNavLink.vue", "Vue", 0, 0, 0, 0, 23, 0, 0, 0, 0, 0, 4, 27
"c:\xampp\htdocs\laravel\EMS\resources\js\Components\SecondaryButton.vue", "Vue", 0, 0, 0, 0, 16, 0, 0, 0, 0, 0, 2, 18
"c:\xampp\htdocs\laravel\EMS\resources\js\Components\TextInput.vue", "Vue", 0, 0, 0, 0, 21, 0, 0, 0, 0, 0, 6, 27
"c:\xampp\htdocs\laravel\EMS\resources\js\Components\ValidationErrors.vue", "Vue", 0, 0, 0, 0, 15, 0, 0, 0, 0, 0, 4, 19
"c:\xampp\htdocs\laravel\EMS\resources\js\Layouts\AuthenticatedLayout copy.vue", "Vue", 0, 0, 0, 0, 143, 0, 0, 0, 0, 9, 13, 165
"c:\xampp\htdocs\laravel\EMS\resources\js\Layouts\AuthenticatedLayout.vue", "Vue", 0, 0, 0, 0, 157, 0, 0, 0, 0, 16, 18, 191
"c:\xampp\htdocs\laravel\EMS\resources\js\Layouts\GuestLayout.vue", "Vue", 0, 0, 0, 0, 18, 0, 0, 0, 0, 0, 3, 21
"c:\xampp\htdocs\laravel\EMS\resources\js\Pages\Analysis.vue", "Vue", 0, 0, 0, 0, 122, 0, 0, 0, 0, 2, 15, 139
"c:\xampp\htdocs\laravel\EMS\resources\js\Pages\Auth\ConfirmPassword.vue", "Vue", 0, 0, 0, 0, 44, 0, 0, 0, 0, 0, 7, 51
"c:\xampp\htdocs\laravel\EMS\resources\js\Pages\Auth\ForgotPassword.vue", "Vue", 0, 0, 0, 0, 51, 0, 0, 0, 0, 0, 11, 62
"c:\xampp\htdocs\laravel\EMS\resources\js\Pages\Auth\Login.vue", "Vue", 0, 0, 0, 0, 80, 0, 0, 0, 0, 0, 15, 95
"c:\xampp\htdocs\laravel\EMS\resources\js\Pages\Auth\Register.vue", "Vue", 0, 0, 0, 0, 86, 0, 0, 0, 0, 0, 18, 104
"c:\xampp\htdocs\laravel\EMS\resources\js\Pages\Auth\ResetPassword.vue", "Vue", 0, 0, 0, 0, 78, 0, 0, 0, 0, 0, 15, 93
"c:\xampp\htdocs\laravel\EMS\resources\js\Pages\Auth\VerifyEmail.vue", "Vue", 0, 0, 0, 0, 42, 0, 0, 0, 0, 0, 10, 52
"c:\xampp\htdocs\laravel\EMS\resources\js\Pages\ConsumableItems\History.vue", "Vue", 0, 0, 0, 0, 107, 0, 0, 0, 0, 1, 16, 124
"c:\xampp\htdocs\laravel\EMS\resources\js\Pages\ConsumableItems\Index.vue", "Vue", 0, 0, 0, 0, 179, 0, 0, 0, 0, 11, 20, 210
"c:\xampp\htdocs\laravel\EMS\resources\js\Pages\Dashboard.vue", "Vue", 0, 0, 0, 0, 21, 0, 0, 0, 0, 0, 4, 25
"c:\xampp\htdocs\laravel\EMS\resources\js\Pages\ImageTests\Create copy.vue", "Vue", 0, 0, 0, 0, 62, 0, 0, 0, 0, 4, 13, 79
"c:\xampp\htdocs\laravel\EMS\resources\js\Pages\ImageTests\Create.vue", "Vue", 0, 0, 0, 0, 74, 0, 0, 0, 0, 14, 15, 103
"c:\xampp\htdocs\laravel\EMS\resources\js\Pages\ImageTests\Edit.vue", "Vue", 0, 0, 0, 0, 76, 0, 0, 0, 0, 22, 19, 117
"c:\xampp\htdocs\laravel\EMS\resources\js\Pages\ImageTests\Index.vue", "Vue", 0, 0, 0, 0, 46, 0, 0, 0, 0, 2, 8, 56
"c:\xampp\htdocs\laravel\EMS\resources\js\Pages\ImageTests\Show.vue", "Vue", 0, 0, 0, 0, 0, 0, 0, 0, 0, 0, 2, 2
"c:\xampp\htdocs\laravel\EMS\resources\js\Pages\InventoryPlans\Create.vue", "Vue", 0, 0, 0, 0, 0, 0, 0, 0, 0, 0, 1, 1
"c:\xampp\htdocs\laravel\EMS\resources\js\Pages\InventoryPlans\Index.vue", "Vue", 0, 0, 0, 0, 52, 0, 0, 0, 0, 0, 11, 63
"c:\xampp\htdocs\laravel\EMS\resources\js\Pages\Inventory\All.vue", "Vue", 0, 0, 0, 0, 0, 0, 0, 0, 0, 0, 1, 1
"c:\xampp\htdocs\laravel\EMS\resources\js\Pages\Inventory\NotCarriedOut.vue", "Vue", 0, 0, 0, 0, 0, 0, 0, 0, 0, 0, 1, 1
"c:\xampp\htdocs\laravel\EMS\resources\js\Pages\Inventory\Progress.vue", "Vue", 0, 0, 0, 0, 0, 0, 0, 0, 0, 0, 1, 1
"c:\xampp\htdocs\laravel\EMS\resources\js\Pages\Inventory\Taken.vue", "Vue", 0, 0, 0, 0, 0, 0, 0, 0, 0, 0, 1, 1
"c:\xampp\htdocs\laravel\EMS\resources\js\Pages\Items\Create.vue", "Vue", 0, 0, 0, 0, 229, 0, 0, 0, 0, 28, 33, 290
"c:\xampp\htdocs\laravel\EMS\resources\js\Pages\Items\Edit.vue", "Vue", 0, 0, 0, 0, 199, 0, 0, 0, 0, 2, 27, 228
"c:\xampp\htdocs\laravel\EMS\resources\js\Pages\Items\Index copy.vue", "Vue", 0, 0, 0, 0, 86, 0, 0, 0, 0, 0, 10, 96
"c:\xampp\htdocs\laravel\EMS\resources\js\Pages\Items\Index.vue", "Vue", 0, 0, 0, 0, 220, 0, 0, 0, 0, 49, 38, 307
"c:\xampp\htdocs\laravel\EMS\resources\js\Pages\Items\Show.vue", "Vue", 0, 0, 0, 0, 203, 0, 0, 0, 0, 6, 28, 237
"c:\xampp\htdocs\laravel\EMS\resources\js\Pages\Profile\Edit.vue", "Vue", 0, 0, 0, 0, 40, 0, 0, 0, 0, 0, 7, 47
"c:\xampp\htdocs\laravel\EMS\resources\js\Pages\Profile\Partials\DeleteUserForm.vue", "Vue", 0, 0, 0, 0, 78, 0, 0, 0, 0, 0, 18, 96
"c:\xampp\htdocs\laravel\EMS\resources\js\Pages\Profile\Partials\UpdatePasswordForm.vue", "Vue", 0, 0, 0, 0, 89, 0, 0, 0, 0, 0, 17, 106
"c:\xampp\htdocs\laravel\EMS\resources\js\Pages\Profile\Partials\UpdateProfileInformationForm.vue", "Vue", 0, 0, 0, 0, 87, 0, 0, 0, 0, 0, 16, 103
"c:\xampp\htdocs\laravel\EMS\resources\js\Pages\Welcome.vue", "Vue", 0, 0, 0, 0, 289, 0, 0, 0, 0, 0, 25, 314
"c:\xampp\htdocs\laravel\EMS\resources\js\Pages\Wishes\Index.vue", "Vue", 0, 0, 0, 0, 74, 0, 0, 0, 0, 0, 7, 81
"c:\xampp\htdocs\laravel\EMS\resources\js\app.js", "JavaScript", 20, 0, 0, 0, 0, 0, 0, 0, 0, 0, 4, 24
"c:\xampp\htdocs\laravel\EMS\resources\js\bootstrap.js", "JavaScript", 3, 0, 0, 0, 0, 0, 0, 0, 0, 23, 7, 33
"c:\xampp\htdocs\laravel\EMS\resources\js\common.js", "JavaScript", 8, 0, 0, 0, 0, 0, 0, 0, 0, 10, 4, 22
"c:\xampp\htdocs\laravel\EMS\resources\views\app.blade.php", "PHP", 0, 0, 18, 0, 0, 0, 0, 0, 0, 0, 4, 22
"c:\xampp\htdocs\laravel\EMS\resources\views\welcome.blade.php", "PHP", 0, 0, 118, 0, 0, 0, 0, 0, 0, 0, 23, 141
"c:\xampp\htdocs\laravel\EMS\routes\api.php", "PHP", 0, 0, 14, 0, 0, 0, 0, 0, 0, 10, 5, 29
"c:\xampp\htdocs\laravel\EMS\routes\auth.php", "PHP", 0, 0, 43, 0, 0, 0, 0, 0, 0, 0, 17, 60
"c:\xampp\htdocs\laravel\EMS\routes\channels.php", "PHP", 0, 0, 5, 0, 0, 0, 0, 0, 0, 10, 4, 19
"c:\xampp\htdocs\laravel\EMS\routes\console.php", "PHP", 0, 0, 6, 0, 0, 0, 0, 0, 0, 10, 4, 20
"c:\xampp\htdocs\laravel\EMS\routes\web.php", "PHP", 0, 0, 44, 0, 0, 0, 0, 0, 0, 18, 23, 85
"c:\xampp\htdocs\laravel\EMS\tailwind.config.js", "JavaScript", 18, 0, 0, 0, 0, 0, 0, 0, 0, 1, 4, 23
"c:\xampp\htdocs\laravel\EMS\tests\Browser\ExampleTest.php", "PHP", 0, 0, 8, 0, 0, 0, 0, 0, 0, 10, 4, 22
"c:\xampp\htdocs\laravel\EMS\tests\Browser\ItemsTest.php", "PHP", 0, 0, 15, 0, 0, 0, 0, 0, 0, 10, 5, 30
"c:\xampp\htdocs\laravel\EMS\tests\Browser\Pages\HomePage.php", "PHP", 0, 0, 19, 0, 0, 0, 0, 0, 0, 12, 6, 37
"c:\xampp\htdocs\laravel\EMS\tests\Browser\Pages\Page.php", "PHP", 0, 0, 12, 0, 0, 0, 0, 0, 0, 5, 4, 21
"c:\xampp\htdocs\laravel\EMS\tests\CreatesApplication.php", "PHP", 0, 0, 13, 0, 0, 0, 0, 0, 0, 3, 6, 22
"c:\xampp\htdocs\laravel\EMS\tests\DuskTestCase.php", "PHP", 0, 0, 36, 0, 0, 0, 0, 0, 0, 6, 7, 49
"c:\xampp\htdocs\laravel\EMS\tests\Feature\Auth\AuthenticationTest.php", "PHP", 0, 0, 41, 0, 0, 0, 0, 0, 0, 0, 15, 56
"c:\xampp\htdocs\laravel\EMS\tests\Feature\Auth\EmailVerificationTest.php", "PHP", 0, 0, 50, 0, 0, 0, 0, 0, 0, 0, 16, 66
"c:\xampp\htdocs\laravel\EMS\tests\Feature\Auth\PasswordConfirmationTest.php", "PHP", 0, 0, 32, 0, 0, 0, 0, 0, 0, 0, 13, 45
"c:\xampp\htdocs\laravel\EMS\tests\Feature\Auth\PasswordResetTest.php", "PHP", 0, 0, 52, 0, 0, 0, 0, 0, 0, 0, 22, 74
"c:\xampp\htdocs\laravel\EMS\tests\Feature\Auth\PasswordUpdateTest.php", "PHP", 0, 0, 41, 0, 0, 0, 0, 0, 0, 0, 11, 52
"c:\xampp\htdocs\laravel\EMS\tests\Feature\Auth\RegistrationTest.php", "PHP", 0, 0, 25, 0, 0, 0, 0, 0, 0, 0, 8, 33
"c:\xampp\htdocs\laravel\EMS\tests\Feature\ExampleTest.php", "PHP", 0, 0, 11, 0, 0, 0, 0, 0, 0, 4, 5, 20
"c:\xampp\htdocs\laravel\EMS\tests\Feature\ProfileTest.php", "PHP", 0, 0, 76, 0, 0, 0, 0, 0, 0, 0, 24, 100
"c:\xampp\htdocs\laravel\EMS\tests\TestCase.php", "PHP", 0, 0, 7, 0, 0, 0, 0, 0, 0, 0, 4, 11
"c:\xampp\htdocs\laravel\EMS\tests\Unit\ExampleTest.php", "PHP", 0, 0, 10, 0, 0, 0, 0, 0, 0, 3, 4, 17
"c:\xampp\htdocs\laravel\EMS\vendor\spatie\ignition\resources\compiled\ignition.css", "PostCSS", 0, 0, 0, 1, 0, 0, 0, 0, 0, 2, 0, 3
"c:\xampp\htdocs\laravel\EMS\vendor\spatie\ignition\resources\compiled\ignition.js", "JavaScript", 6, 0, 0, 0, 0, 0, 0, 0, 0, 0, 1, 7
"c:\xampp\htdocs\laravel\EMS\vite.config.js", "JavaScript", 19, 0, 0, 0, 0, 0, 0, 0, 0, 0, 2, 21
"Total", "-", 80, 9, 4710, 4, 3496, 73, 16152, 29, 11, 2253, 1936, 28753